config,kw_v2_overall,faithfulness_overall,context_recall_overall,kw_v2_worst,faithfulness_worst,context_recall_worst,timeout_overall,fallback_overall,p95_overall,timeout_worst,fallback_worst,p95_worst,pass_quality_overall,pass_quality_worst,pass_ops_overall,pass_ops_worst,pass_all,quality_score,ops_score,total_score
A_single_pipeline,0.2667233560090703,0.689625850340136,0.3316326530612244,0.2580128205128205,0.6762820512820513,0.3269230769230769,0.2597088826507715,0.0723369409180925,36.83012365534736,0.334802460393319,0.0752475865889868,42.80049572376276,False,False,False,False,False,0.2810232426303855,0.20922697702488438,0.4902502196552698
B_rule_single_route,0.1421201814058957,0.8751700680272109,0.3452380952380953,0.0784722222222222,0.8602564102564102,0.3376068376068376,0.288950302269167,0.0758459112723,39.80512365534736,0.3744174731968437,0.0775117257609788,46.25049572376276,False,False,False,False,False,0.27656179138321996,0.2008886189003199,0.47745041028353985
C_rule_multi_route,0.1574263038548752,0.8511904761904763,0.3707482993197279,0.0784722222222222,0.8365384615384616,0.325,0.3015378619007461,0.1018564184280895,41.30512365534736,0.3744174731968437,0.1295327400725578,46.25049572376276,False,False,False,False,False,0.28094954648526077,0.19458367887207917,0.47553322535733994
